keyword,group
공항공사,공항공사
한국전력,한국전력공사
한전KPS,한국전력공사
한전케이피에스,한국전력공사
한국KDN,한국전력공사
한전케이디엔,한국전력공사
한국수력원자력,한국수력원자력
한전원자력연료,한국수력원자력
한수원,한국수력원자력
중부발전,한국중부발전
서부발전,한국서부발전
남부발전,한국남부발전
동서발전,한국동서발전
남동발전,한국남동발전
한국지역난방공사,한국지역난방공사
한국철도,한국철도공사
한국가스,한국가스공사
한국석유공사,한국석유공사
한국수자원공사,한국수자원공사
도시공사,도시공사
한국국토정보공사,한국국토정보공사
한국농수산식품유통공사,한국농수산식품유통공사
한국농어촌공사,한국농어촌공사
한국도로공사,한국도로공사
한국자산관리공사,한국자산관리공사
한국토지주택공사,한국토지주택공사
한국관광공사,한국관광공사
한국광물자원공사,한국광물자원공사
국민연금,국민연금공단
국민건강보험,국민건강보험공단
국가철도공단,국가철도공단
한국환경공단,한국환경공단
시설공단,시설공단
시설관리공단,시설공단
한국도로교통공단,한국도로교통공단
근로복지공단,근로복지공단
한국산업안전보건공단,한국산업안전보건공단
한국산업인력공단,한국산업인력공단
한국은행,한국은행
농업기술센터,농업기술센터
한국석유관리원,한국석유관리원
농업기술원,농업기술원
초등학교,초등학교
중학교,중학교
고등학교,고등학교
대학교,대학교
대학,대학교
적십자,적십자
경제·인문사회연구회,국무조정실
한국개발연구원,국무조정실
한국조세재정연구원,국무조정실
대외경제정책연구원,국무조정실
통일연구원,국무조정실
한국형사·법무정책연구원,국무조정실
한국행정연구원,국무조정실
한국교육과정평가원,국무조정실
산업연구원,국무조정실
에너지경제연구원,국무조정실
정보통신정책연구원,국무조정실
한국보건사회연구원,국무조정실
한국노동연구원,국무조정실
한국직업능력연구원,국무조정실
한국해양수산개발원,국무조정실
한국법제연구원,국무조정실
한국여성정책연구원,국무조정실
한국청소년정책연구원,국무조정실
한국교통연구원,국무조정실
한국환경연구원,국무조정실
한국교육개발원,국무조정실
한국농촌경제연구원,국무조정실
국토연구원,국무조정실
건축공간연구원,국무조정실
과학기술정책연구원,국무조정실
조달청,기획재정부
국세청,기획재정부
통계청,기획재정부
국가통계연구원,기획재정부
국방부,국방부
국군,국방부
병무청,국방부
방위사업청,국방부
국방전산정보원,국방부
국방홍보원,국방부
육군,국방부
공군,국방부
군수지원,국방부
해병대,국방부
국방과학연구소,국방부
문화재청,문화체육관광부
문화체육관광부,문화체육관광부
국립현대미술관,문화체육관광부
국립중앙극장,문화체육관광부
한국정책방송원,문화체육관광부
국립문화유산연구원,문화체육관광부
국립해양유산연구소,문화체육관광부
궁능유적본부,문화체육관광부
기상청,환경부
환경부,환경부
국립생물자원관,환경부
화학물질안전원,환경부
국립기상과학원,환경부
교육부,교육부
국립국제교육원,교육부
과학기술정보통신부,과학기술정보통신부
국립광주과학관,과학기술정보통신부
국립대구과학관,과학기술정보통신부
국립부산과학관,과학기술정보통신부
기초과학연구원,과학기술정보통신부
정보통신산업진흥원,과학기술정보통신부
한국과학기술기획평가원,과학기술정보통신부
한국과학창의재단,과학기술정보통신부
한국방송통신전파진흥원,과학기술정보통신부
한국연구재단,과학기술정보통신부
한국원자력의학원,과학기술정보통신부
한국인터넷진흥원,과학기술정보통신부
한국지능정보사회진흥원,과학기술정보통신부
과학기술사업화진흥원,과학기술정보통신부
연구개발특구진흥재단,과학기술정보통신부
한국데이터산업진흥원,과학기술정보통신부
한국여성과학기술인육성재단,과학기술정보통신부
우체국금융개발원,과학기술정보통신부
우체국물류지원단,과학기술정보통신부
우체국시설관리단,과학기술정보통신부
한국나노기술원,과학기술정보통신부
한국우편사업진흥원,과학기술정보통신부
법무부,법무부
산림청,농림축산식품부
농촌진흥청,농림축산식품부
농림축산식품부,농림축산식품부
한국임업진흥원,농림축산식품부
국립종자원,농림축산식품부
국립축산과학원,농림축산식품부
국립산림과학원,농림축산식품부
국립수목원,농림축산식품부
국립자연휴양림관리소,농림축산식품부
국유림관리소,농림축산식품부
농림축산검역본부,농림축산식품부
한국농업기술진흥원,농림축산식품부
국립식량과학원,농림축산식품부
산업통상자원부,산업통상자원부
특허청,산업통상자원부
보건복지부,보건복지부
질병관리청,보건복지부
국립공주병원,보건복지부
국립나주병원,보건복지부
국립부곡병원,보건복지부
국립춘천병원,보건복지부
국립재활원,보건복지부
국립정신건강센터,보건복지부
국립마산병원,보건복지부
국립목포병원,보건복지부
국립암센터,보건복지부
검역소,보건복지부
국립중앙의료원,보건복지부
고용노동부,고용노동부
여성가족부,여성가족부
국토교통부,국토교통부
한국교통본부,국토교통부
국토지리정보원,국토교통부
해양수산부,해양수산부
국립해양조사원,해양수산부
국립수산과학원,해양수산부
국립해양측위정보원,해양수산부
해양수산인재개발원,해양수산부
국립수산물품질관리원,해양수산부
해양경찰,해양경찰청
행정안전부,행정안전부
국립과학숫사연구원,행정안전부
국립재난안전연구원,행정안전부
국가정보자원관리원,행정안전부
한국보훈복지의료공단,국가보훈부
보훈부,국가보훈부
현충원,국가보훈부
소방서,소방청
소방본부,소방청
국립소방연구원,소방청
119특수대응단,소방청
경찰,경찰청
검찰청,검찰청
